,Row ID,Postal Code,Sales,Quantity,Discount,Profit
count,9994.0,9994.0,9994.0,9994.0,9994.0,9994.0
mean,4997.5,55190.3794276566,229.85800083049827,3.789573744246548,0.1562027216329798,28.65689630778467
std,2885.1636290974325,32063.69335036448,623.2451005086808,2.2251096911414,0.20645196782571615,234.2601076909573
min,1.0,1040.0,0.444,1.0,0.0,-6599.978
25%,2499.25,23223.0,17.28,2.0,0.0,1.72875
50%,4997.5,56430.5,54.489999999999995,3.0,0.2,8.6665
75%,7495.75,90008.0,209.94,5.0,0.2,29.364
max,9994.0,99301.0,22638.48,14.0,0.8,8399.976
